,text
0,"#VaccinationCertificates #CertificatsDeVaccination
#CertificadosDeVacunacion #PaseSanitario 
#PublicHealth #Pandemic 
#France #Macron
IntegraciÃ³n Digital Revista : La importancia del pase sanitario : https://t.co/rmxtjSg3hr"
1,"Â¿CÃ³mo es el protocolo para #Expoagro2022?ğŸ˜·
Se pedirÃ¡ #PaseSanitario, y en caso de no tenerlo se solicitarÃ¡ un test de antÃ­genos con muestra tomada 72 hs antes.

@Expoagrocom @YPFAgro https://t.co/l0HQacZH2G"
2,"@LuisBaldasarre @infobae MirÃ¡... 
Hay otros siguiendo los pasos de los suecos... 
Mientras, acÃ¡ tratan de imponer un ""cambio de tapaboca por barbijo"" y un #PaseSanitario que no sirve ni para espantar moscas

https://t.co/rGhJeLoFMw"
3,"La UNS no pedirÃ¡ pase sanitario - https://t.co/jQZ6ETighb 
#Uns #Coronavirus #pasesanitario"
4,"@SilvanaGiudici @clalejrios No sÃ© lo debe exigir en nada.
El #pasesanitario es inconstitucional.Quita derechos constitucionales a los ciudadanos.
#NoAlPaseSanitarioArgentina"
5,#COVID19 #Covid_19 #COVIDPERSISTENTE #COVIDIOTS #pasesanitario #PLANdemia https://t.co/hlxweElMgF
6,Denuncian penalmente a Kicillof y Ustarroz por imponer el pase sanitario @KicillofOK @WadoDeCorrido @JuanIUstarroz https://t.co/2cr87qF9Bj #Mercedes #PaseSanitario vÃ­a @RealpolitikOK
7,"Â¿Es efectivo el #pasesanitario ğŸ“² para aumentar ğŸ“ˆ el nivel de #vacunaciÃ³n ğŸ’‰?

ğŸŒ Mientras paÃ­ses como Austria y Ecuador imponen la vacunaciÃ³n obligatoria, algunos apuestan al pase sanitario para fomentar la vacunaciÃ³n.
ğŸ§‘â€ğŸ’» @ivooeguizabal. https://t.co/afB0MQxFSp"
8,"#BuenMiÃ©rcoles ğŸŒ»ğŸ˜‰
#BuenDÃ­a
Â¿Unos #Mates?ğŸ«–ğŸ§‰ğŸªğŸ¯ğŸ#HermosaMaÃ±ana de #SolğŸŒen #BairesğŸ™ï¸

#VacunateYCuidateğŸ’‰ğŸ’ªğŸ»ğŸ˜·âœŒğŸ»#VacunacionCompleta #PaseSanitario #COVID19 #Delta #Omicron

#FelizMiÃ©rcoles, #Salud y #BuenaSemana para #TodosğŸŒ
#ArgentinağŸ‡¦ğŸ‡·"
9,@radiomitre Julieta Ortega tendrÃ­a que estar a favor de las marchas anti #PaseSanitario por son futuros espectadores...
10,"#EducaciÃ³n #PaseSanitario
@faapura ""No habrÃ¡ muchas diferencias en cuanto al aÃ±o pasado. Va a persistir el barbijo dentro de las aulas, y fortalecer la vacunaciÃ³n, para evitar los aislamientos. Se termina con las burbujas, por eso serÃ¡ necesaria la ventilaciÃ³n"""
11,"#EducaciÃ³n #PaseSanitario
@faapura ""Hemos estado trabajando en los nuevos protocolos llamados aula segura, con ventilaciÃ³n, barbijos, y cuestiones epidemiolÃ³gica. Las medidas del Min. De Salud de NaciÃ³n son un paraguas para las provincias y a partir de allÃ­ se decide"""
12,"#TresArroyos
#PaseSanitario
De todos modos, aclararon que desde la instituciÃ³n incentivarÃ¡n a los estudiantes para que tengan completo el esquema de vacunaciÃ³n anticovid. Ya hay mÃ¡s de 500 inscriptos de cara al ciclo lectivo 2022
https://t.co/p9PP8G5Mx8"
13,Denuncian penalmente a Kicillof y Ustarroz por imponer el pase sanitario @KicillofOK @WadoDeCorrido @JuanIUstarroz https://t.co/xBCNvwCzlZ #Mercedes #PaseSanitario vÃ­a @RealpolitikOK
14,Alguien sabe si PIDEN #PaseSanitario para ir a la cancha  a ver #BOCA vs @clubaldosivi ?
15,"#LoQueTenesQueSaberAntesDeSalir

â›… Mitad de semana. La mÃ¡xima serÃ­a de 32Â° 

ğŸ’‰Ayer se aprobÃ³ prÃ³rroga del #PaseSanitario en #Tucuman. La medida quedÃ³ establecida para lo que resta del mes de febrero

ğŸ•Â¿Hoy se come pizza? cada 9 de febrero se celebra el DÃ­a Mundial de la #Pizza https://t.co/PiQjatDPbc"
16,"@Guiller73625575 @UcrAvellanedaOf @ferlandaburuUCR Entonces tienen posibilidad de pegarse una vueltita, o a quien le compete. Los abuelos estÃ¡n para ese maltrato? CuÃ¡nto abuso trae Ã©ste #pasesanitario ."
17,"ğŸ“ #Ahora. Hablamos con @sruizdgalarreta, #Presidenta del #Tribunal de #Ã‰tica del @colabroorgar, sobre la #implementaciÃ³n del #PaseSanitario y el #funcionamiento de la #Justicia en la #Argentina  

#CunaDeLaNoticiaRadio #DondeNaceLaInformaciÃ³n https://t.co/hjKNNbvBi9"
18,"Recuerdan cuando ""el covid no afectaba a los niÃ±os?"" Cuando se logrÃ³ adoctrinar a los padres en el uso del bozal, el virus de repente empezÃ³ a afectar tambiÃ©n a niÃ±os... #grafeno #NoAlPaseSanitarioArgentina #YoNoMeVacuno #pasesanitario"
19,"El grafeno es peor que la cocaÃ­na #DrogaEnvenenada 

#martesintratable #pasesanitario #NoAlPaseSanitarioArgentina #YoNoMeVacuno #grafeno"
20,"@horaciorlarreta @mauriciomacri Dijeron LIBERTAD ??

NO los leimos expresarse contra el #PaseSanitario ...

Cada dia tengo menos dudas que #SonLoMismo que los delincuentes C0MUNISTAS que nos gobiernan.

#QueSeVayanTodos"
21,Denuncian penalmente a Kicillof y Ustarroz por imponer el pase sanitario @KicillofOK @WadoDeCorrido @JuanIUstarroz https://t.co/6xd4lYjdbf #Mercedes #PaseSanitario a travÃ©s de @RealpolitikOK
22,"#autoconvocados se reunieron en la #CasaRosada para reclamar por la #libreelecciÃ³n con respecto a las #vacunas y en contra del #pasesanitario.
.
ğŸ‘‰Por @jonyrom01
.
ğŸ”¸Lee la nota completa en:
https://t.co/sIXmi1Jhg9
.
.
#DiarioLibertario #Diario #Libertario #DiarioLibre #Argentina"
23,"@Domadora2276 Hablan tranquilos,pensando en 2023.Ellos cobran bien.Llegan!
Y del aberrante #pasesanitario que quita derechos a ciudadanos,muy pocas palabras (pues ellos siempre se arreglan!)"
24,"NğŸš« AL  NAZIFASCISTA
#GreenPass
#PaseSanitario
#PasaporteVerde
#CertificadoVerde
NO ğŸš« https://t.co/ZyMiCMdRli"
25,"AlbarracÃ­n: ""El Pase Sanitario va a generar una nueva dialÃ©ctica en nuestra sociedad entre vacunados y no vacunados""

#pasesanitario 
#Prorroga
#Tucuman
#Vacunados #NoVacunados
ğŸ‘‡
https://t.co/6SgED3DK0e https://t.co/eLuEMiAnr4"
26,"Ser gobernador es solo ser administrador de los recursos de los ciudadanos.
Denuncian penalmente a Kicillof y Ustarroz por imponer el pase sanitario @KicillofOK @WadoDeCorrido @JuanIUstarroz https://t.co/ebApOoOje2 #Mercedes #PaseSanitario a travÃ©s de @RealpolitikOK"
27,#yonomevacuno #NoAlPaseSanitario #NoAlPaseSanitarioArgentina #NoAlPaseDeMovilidad #grafeno #todastienengrafeno #pasesanitario https://t.co/MsnNe3xkCh
28,"Cada dÃ­a soporto menos al #DrZin para el ""no hay evidencias q vax mueran igual"" pero tiene evidencia empÃ­rica q el #experimentomundial sirve para algo? No evita contagios ni muertes ni NADA. Entonces? Para quÃ© el #pasesanitario @lanacionmas ???"
29,"Hijos de puta. Maldigo especialmente a los borregos que la denunciaron. 
#pasesanitario #yonomevacuno #NoAlPaseSanitario #NoAlPaseSanitarioArgentina #grafeno https://t.co/hD9d3W1MQ7"
30,"#PaseSanitario | La ""zona gris"" con #RusiağŸ‡·ğŸ‡º y #ChinağŸ‡¨ğŸ‡³: quÃ© vacunas estÃ¡n permitidas para asistir al Mundial de QatarğŸ‡¶ğŸ‡¦ğŸ†

ğŸ“ŒHay algunas dosis que todavÃ­a no recibieron su aprobaciÃ³n total y pedirÃ¡n testeo obligatorio
https://t.co/03vlmAZ9tt"
31,Denuncian penalmente a Kicillof y Ustarroz por imponer el pase sanitario @KicillofOK @WadoDeCorrido @JuanIUstarroz https://t.co/kieBNrwHD9 #Mercedes #PaseSanitario a travÃ©s de @RealpolitikOK
32,Que estÃ¡ pasando? #Dictadura #pasesanitario https://t.co/rzfAsjAwhr
33,En #Jujuy anunciaron que la Ãºnica condiciÃ³n para poder ir a un evento masivo va a ser tener el #PaseSanitario https://t.co/OLJ00bHmzR
34,Denuncian penalmente a Kicillof y Ustarroz por imponer el pase sanitario @KicillofOK @WadoDeCorrido @JuanIUstarroz https://t.co/gyUz2KfeDy #Mercedes #PaseSanitario vÃ­a @RealpolitikOK
35,"FijÃ©nsen lo que votan la prÃ³xima, por sacarse a Macri, miren lo que agarraron

Denuncian penalmente a Kicillof y Ustarroz por imponer el pase sanitario @KicillofOK @WadoDeCorrido @JuanIUstarroz https://t.co/nYLpaRqEsj #Mercedes #PaseSanitario vÃ­a @RealpolitikOK"
36,#pasesanitario https://t.co/RgRQg3cSrh
37,"â˜‘En la primera sesiÃ³n extraordinaria del aÃ±o, la legislatura aprobÃ³ la prÃ³rroga del pase sanitario. Fue 32 votos a favor y 7 en contra, la medida quedÃ³ establecida para lo que queda del mes de febrero. 
///
.
.
#PaseSanitario     
#TucumÃ¡n https://t.co/JUlVKIAaAs"
38,"#ATENCIÃ“N ğŸ‡¨ğŸ‡¦ | Un dÃ­a mÃ¡s de protestas contra el #PaseSanitario en #Canada y pese a las represiones, se sigue expandiendo la protesta. 
A los #truckers y los #FarmersProtest, se suman trabajadores de industrias, que contribuyen con sus camiones mineros.

#Convoy2022 https://t.co/u0M4mwUOXv"
39,#Quilmes / La #UNQ no pedirÃ¡ #pasesanitario a los alumnos https://t.co/8PDKyOLAFn a travÃ©s de @elsolquilmes @UNQoficial
40,"Vuelta a clases: PBA se diferenciÃ³ de CABA y confirmÃ³ que habrÃ¡ protocolos sanitarios

#BuenosAires #Presencial #escualas #universidades #PaseSanitario #protocolos #coronavirus #CABA 
Mira la nota acÃ¡: https://t.co/ENvUtvaqeN"
41,#PLANdemia #COVIDIOTS #COVID19 #PaseSanitario #PasaporteCovid https://t.co/ZFMOXfFIxH
42,#COVID19 #COVIDIOTS #COVID #PasaporteCovid #PaseSanitario #PLANdemia https://t.co/SMLvDkzmzv
43,"Â¿Es efectivo el #pasesanitario ğŸ“² para aumentar ğŸ“ˆ el nivel de #vacunaciÃ³n ğŸ’‰?

ğŸŒ Mientras paÃ­ses como Austria y Ecuador imponen la vacunaciÃ³n obligatoria, algunos apuestan al pase sanitario para fomentar la vacunaciÃ³n.
ğŸ§‘â€ğŸ’» @ivooeguizabal. https://t.co/6Ba1bOBTFe"
44,"#ATENCIÃ“N ğŸ‡ºğŸ‡¸ ğŸ‡¨ğŸ‡¦ |ContinÃºa la lucha contra el #pasesanitario en #Canada y se suman mÃ¡s caravanas de #ConvoyFreedom2022 desde #Alaska, USA.

#ConvoyForFreedom2022
#TruckersConvoy2022

https://t.co/dux7KbYpmf"
45,"ğŸ¼ #Concierto: L-Gante realizarÃ¡ un show gratis en TecnÃ³polis: cÃ³mo sacar entradas y cuÃ¡ndo serÃ¡

El cantante publicÃ³ en sus redes que realizarÃ¡ el evento sin costo como regalo para el pÃºblico. https://t.co/JHVGwf5DpU

#LGante #TecnÃ³polis #PaseSanitario #Gratuito #COMBA https://t.co/Lf7CsfGm1C"
46,"#PaseSanitario #Salud #DerechoHumano

ğŸ“¢ La APDH apoya la implementaciÃ³n del ""Pase Sanitario"" en todo el territorio de la RepÃºblica Argentina.

ğŸ‘‰ https://t.co/ZmQDqxDTXK https://t.co/wqOMyNG8ZR"
47,"#SesiÃ³nLegislativa | El #PaseSanitario, discrimina y divide a los tucumanos entre vacunados y no vacunados. AdemÃ¡s es inconstitucional, violatorio de las libertades y de los derechos individuales, y una medida coactiva que torna arbitrariamente obligatoria la vacunaciÃ³n. https://t.co/l1ZsLNckJJ"
48,"#PaseSanitario... DespuÃ©s se ofenden si decÃ­s que en #SantaCruz hay una ""Dictadura K"" o si en #Formosa estÃ¡ el ""Dictador de Gildo""...
Y LOS DEFENSORES DE LOS DD.HH DÃ“NDE CARAJOS ESTÃN??"
49,"Hola docentes de Santa Cruz. Resulta que no se exige #pasesanitario en bares, casinos, ni en restaurantes PERO lo van a exigir en las escuelas? Rta: Porque toda la vida dieron la nota por tener la MENOR cantidad de dÃ­as de clase. Dejaron de ser docentes hace mucho tiempo"
50,"#Vacunate, por un #CarnavalSeguro!

Â¿Ya tenÃ©s todo listo para el #carnaval? AquÃ­ te dejamos lo que necesitÃ¡s para el #KitCarnavalero: gorro, ramito de albahaca, serpentina, espuma y, lo mÃ¡s importante, el #PaseSanitario!

CompletÃ¡ tu esquema de #vacunaciÃ³n âœ…

#saludjujuy #jujuy https://t.co/lqRckQH0uC"
51,"Si en Santa Cruz no se exige #pasesanitario en bares, casinos, ni en restaurantes, Â¿Por quÃ© se lo exige en las escuelas? 2 aÃ±os sin clases y siguen sin preocuparse por mantener a los chicos en las escuelas. Sra. gobernadora provea educaciÃ³n a los  santacruceÃ±os. Es su deber."
52,"Aprobaron la prÃ³rroga del #pasesanitario en #Tucuman 

La Legislatura votÃ³ a favor del DNU firmado por Jaldo. La votaciÃ³n fue 32 votos a favor y 7 en contra.

https://t.co/r38K0nKV7Q"
53,"Hasta a los planeros los van a obligar a vacunarse para seguir manteniendolos. En vez de darles trabajo los van a condenar a muerte,  el #pasesanitario tambien te afecta a vos planero."
54,"#FuerzaRepublicana votÃ³ en contra de la prÃ³rroga de la vigencia del #PaseSanitario Â¡En diciembre marcamos nuestra postura y ahora la refrendamos! No somos anti vacunas pero defendemos los principios constitucionales que rigen las instituciones. 

#Sesion 
#Tucuman https://t.co/B3OYnkV9EQ"
55,"ğŸ“Œ#Misiones #Universitarias #PaseSanitario 
ğŸ‘‰AsÃ­ lo asegurÃ³ el vicerrector de la #UNAM  Fernando Kramer, quien adelantÃ³ ademÃ¡s que avanzarÃ¡n hacia un distanciamiento cero. Por ahora, los cursillos de ingreso se seguirÃ¡n dictando de manera virtual.
ğŸ”½ğŸ”½ğŸ”½
https://t.co/JpYqLO9MOp"
56,"La Legislatura aprobÃ³ el DNU del #PaseSanitario
https://t.co/FD5DkW7U3G"
57,"#Sesion | Extraordinaria 

Coherentes con nuestra visiÃ³n y nuestra postura adoptada en el mes de diciembre #FuerzaRepublicana votÃ³ en contra de la prÃ³rroga del #PaseSanitario Â¡Nada que atente contra la libertad y los principios constitucionales!

#Tucuman https://t.co/ZMJph4eeS9"
58,"#SantaCruz la provincia donde hubo #VacunacionVip, ahora exige #PaseSanitario a nuestros hijos y sino tendrÃ¡n que realizar #ClasesVirtuales, me pregunto esto no es un hecho de #DiscriminaciÃ³n,  luego de haber dicho que no se iba a solicitar esto. Esto es #Kirchnerismo #Basta"
59,"ğŸ’‰ Â¿CuÃ¡n efectivo es el #pasesanitario para fomentar la vacunaciÃ³n?ğŸ¤”

El pase reserva ciertas actividades pÃºblicas a los vacunados, lo que fomentarÃ­a a los no vacunados a hacerlo ğŸ‘

ğŸ‘‰ En #Argentina rige desde el 1 de enero a nivel nacional. Â¿QuÃ© tan efectivo resultÃ³? https://t.co/e4vagwH89t"
60,La Legislatura aprobÃ³ por 32 votos a favor y siete en contra el DNU del #pasesanitario https://t.co/IY7IJSUPF9 https://t.co/72NKtwUE8T
61,"#Hurlingham // Presentaron un proyecto en contra de la implementaciÃ³n del pase sanitario ğŸ’‰

#PaseSanitario #Salud #Coronavirus #VacunaciÃ³n #Pandemia  

https://t.co/Lh19Sf15ew"
62,"#Ahora 39 legisladores: 32 votos afirmativos y 7 negativos 

#PaseSanitario #Tucuman"
63,"#SantaCruz exige #PaseSanitario para que nuestros hijos reciban #EducaciÃ³n, cuando estuvieron la mayorÃ­a 2 aÃ±os sin tener #ClasesPresencial , ni #Virtual por no brindar las condiciones y herramientas para que la #EducacionParaTodos esta decisiÃ³n es #Inconstitucional y #Libertad"
64,"#PaseSanitario #SantaCruz
Dr Juan AcuÃ±a Kunz ""El pase sanitario para el colegio, se va a aplicar para todos los empleados pÃºblicos. OjalÃ¡ que esto sea asÃ­, porque la vacuna salva, y el que no estÃ© vacunado deberÃ­a sufrir una serie de consecuencias en el orden civil"""
65,"#PaseSanitario #SantaCruz
Dr Juan AcuÃ±a Kunz ""La vacuna deberÃ­a estar en el calendario obligatorio de vacunaciÃ³n. Antes de la vacuna la mortalidad era del 2%,. Hoy es del 0,6% y esto se debe al Ã©xito de la vacunaciÃ³n """
66,"SesiÃ³n Extraordinaria en la @LegislaturaTuc
#PaseSanitario
Anticipamos el voto negativo del bloque de #FuerzaRepublicana
Instamos a la poblaciÃ³n a vacunarse y cuidarse, como siempre lo hemos hecho, pero de ninguna manera, acompaÃ±aremos medidas que son inconstitucionales. https://t.co/pynhsrUol8"
67,"#PaseSanitario #SantaCruz
Dr Juan AcuÃ±a Kunz ""TodavÃ­a es bajo el pocentaje de niÃ±os que se han vacunado en Santa Cruz. Es muy importante para evitar la propagaciÃ³n del virus. Yo creo que esto que decidiÃ³ Santa Cruz va a terminar pasando en el paÃ­s"""
68,"#PaseSanitario #SantaCruz
Dr Juan AcuÃ±a Kunz ""Esta gente habla de que tiene grafeno, y es una mentira. Esta gente esta equivocada y eso nos hace mal"""
69,"#PaseSanitario #SantaCruz
Dr Juan AcuÃ±a Kunz ""No me importa que hablen de dictadura sanitaria y de autoritarismo. Hay que ser muy claro porque sino aca cualquiera hace lo que quiere. Y aca hablamos de una cuestiÃ³n de vida. Los antivacunas tienen el cerebro deshabitado"""
70,"#PaseSanitario #SantaCruz
Dr Juan AcuÃ±a Kunz - La aplicacion del pase sanitario es una medida solidaria para evitar que otras personas se contagien. No entiendo como hay gente que estÃ¡ en contra de cuidarse y cuidar a los demas. De salvar a la gente"""
71,"âš–ï¸ La Corte Suprema chilena prohibirÃ¡ el acceso a los tribunales de Justicia a toda persona que no cuente con el pase sanitario.

#LATAM #LatinoamÃ©ricaPiensa #chile #pasesanitario #covid19 #pandemia 

https://t.co/WM0hIwGTHI"
72,"Los legisladores @HORACIOVERMAL y @AlbarracinDif anticipan que votarÃ¡n en contra de la ampliaciÃ³n del #PaseSanitario 

ğŸ‘‰ğŸ¼ â€œno puede haber ciudadanos de primera y de segundaâ€ https://t.co/1hDIuNaWrP"
73,SeguÃ­ en vivo el debate en la Legislatura por la prÃ³rroga del #pasesanitario en #TucumÃ¡n https://t.co/nA0bTj4tfn https://t.co/xJW0kIz76A
74,"La #UNCuyo vuelve con #ClasesPresenciales. Se estarÃ¡n llevando a cabo campaÃ±as de vacunaciÃ³n dentro del campus y no se exigirÃ¡ el #PaseSanitario
https://t.co/TBSjllZqNG"
75,"ğŸ“» FM 105.9
ğŸ–¥ï¸ https://t.co/TPwwQKIxua
ğŸ“± AM 1330 Rosario en la Play Store

#TodasLasVoces
#Casilda
#PaseSanitario https://t.co/trEXp4FgDi"
76,"@ximopuig va ud a seguir manteniendo el #pasesanitario despuÃ©s de que D. Joan-Ramon Laporte RosellÃ³, el mayor experto en fÃ¡rmaco vigilancia que tenemos en nuestro paÃ­s evidencie no solo que no funciona sino que es contraproducente?  https://t.co/CkosELKNqE"
77,No al #PaseSanitario en CÃ³rdoba. Basta ya de restringir nuestros derechos. Una vacuna no obligatoria y te prohÃ­ben el derecho a la educaciÃ³n y si tu hijo no tiene el experimento 2 testeos a la semana? Una locura! El mundo se estÃ¡ despertando. @JSchiaretti @gobdecordoba
78,Lo que los medios te ocultan @Intratables @telefenoticias @todonoticias @C5N @telenoche @clarincom @LANACION #pasesanitario #Pasenazitario #FreedomConvoyArgentina https://t.co/8m0YOZb2EK
79,"Hay algÃºn polÃ­tico en cinta del ""PaseNazi ? O son todos la misma m....a? #PaseSanitario"
80,Un grupo de #libertarios y #antivacunas protestaron ante la Casa Rosada contra el #pasesanitario https://t.co/GcMHTQIECi
81,"@carolinalosada @anitalmartinez @MartinRosua @germanafc @jgaldeano @GermanPugnaloni @AleRossello @DanielaLeonTW Carolina, estas a favor o en contra del #pasesanitario ?"
82,"ARGENTINA: 122.943 muertos por el robo de vacunas y fiestas VIP 

#MasCuarentonasYMenosCuarentena #Coronavirus #Pandemia Argentinas #Corona #Arg #RealidadMataRelato #Argentina #Olivos #Omicron #EmosidoEngaÃ±ado #VacunatorioVipÂ  #RobaronLasVacunas #VerguenzaMundial #PaseSanitario https://t.co/8uM9eYAqSD"
83,#Plandemia #Covidiotas #COVID19 #plandevacunacion #COVIDPERSISTENTE #pasesanitario #CovidVaccination https://t.co/c56QAFeVo8
84,"SERIA bueno q se pongan las PILAS x y para el pueblo.
Tardaron 7 aÃ±os en.MODIFICAR la ley CONSEJO MAGISTRATURA , q permitio las ABERRACIONES a favir de CRISTINA..
#PaseSanitario  ANTICONSTITUCIONAL..y bien gracias.. https://t.co/isyGUQ69i0"
85,"Millones de canadienses, por iniciativa de los camioneros, tomaron las calles en masa en protesta sobre el avance del autoritarismo materializado en la exigencia del #PaseSanitario 
La CanadÃ¡ de J. Trudeau responde con una prohibiciÃ³n de los bocinazos https://t.co/KjqXKqB8Tq"
86,"@949alejandro @C5N Es un absurdo. Asi estan los que tienen #PaseSanitario Mal.
https://t.co/oiFUnySzqK"
87,@martintetaz @LaMacrista @carolina_moine @IiRodan Â¡Es mentira! Cerrarle puertas a los no vacunados con un #PaseSanitario no es respetar la libertad del otro. ğŸ¤¨
88,"Los corderos merecen el matadero. No mÃ¡s intentar salvar a ninguno.

#pasesanitario #NoAlPaseSanitario #NoAlPaseSanitarioArgentina #YoNoMeVacuno #grafeno"
89,"El covid es la prueba mÃ¡xima de cuan fÃ¡cil es distraer idiotas.

#pasesanitario #NoAlPaseSanitario #grafeno"
90,"ğŸ‘†ğŸ‘†en Livorno ğŸ‡®ğŸ‡¹ Italia! restaurantes desocupados x exigir pass C0vid y calles llenas d gente comiendo en ellas esto esto es un estilo de desobediencia civil , pr0testa pacÃ­fica! #COVID19 #covidiota #COVIDPERSISTENTE #pasesanitario #restrictions #VacinasSalvamVidas #vacunacion https://t.co/B07AcAqR97"
91,#NoAlPaseSanitario #yonomelapongo #pasesanitario #grafeno #todastienengrafeno https://t.co/zHnjWPIqid
92,"Por su baja eficacia, Israel da de baja el â€œpase verde sanitarioâ€ https://t.co/W8SSvWZFgO a travÃ©s de @BAOpina #Israel #pasesanitario #restricciones"
93,"#PaseSanitario, para asistir a la facultad. Creo que sale amparo nomÃ¡s! No dejan opciÃ³n."
94,"Reclamo de estudiantes en la Universidad Nacional de Rosario en contra del #pasesanitario que exigen para poder ingresar a estudiar. Gobierno promotor de la discriminaciÃ³n y la intolerancia, creador de medidas anticonstitucionales e ilegales. #NoAlPaseSanitario https://t.co/2F5uIaw4CL"
95,"El nuevo Chile con Dignidad y Esperanza.

#PaseSanitario #Vacunacion #Covid #InmigraciÃ³n #InmigracionIlegal #Frontera #SoberanÃ­a #DictaduraSanitaria #PolÃ­tica #Chile https://t.co/VeaHZUM95p"
96,"ğŸ“£ Â¿Por quÃ© hay temas que no son â€œdebatiblesâ€?

El Dr Romero Moreno explica q una minorÃ­a, elegida por una mayorÃ­a, no puede decidir sobre temas en contra del Dcho Natural (#Aborto, #PaseSanitario) pues de hacerlo se convertirÃ­a en lo que TalmÃ³n denominÃ³ â€œdemocracia totalitariaâ€. https://t.co/gdeI2qSWlC"
97,#Pasesanitario out #PLAZADEMAYO #PlazadeMayo #Urgente #MasterChefCelebrity #Netflix https://t.co/iA1NeZHCIL
98,@PoliticoOrgAr El #pasesanitario
99,"@Kicillofok @ierrejon Y a mi que me importa, nazi! EliminÃ¡ el #PaseSanitario, represor fascista!"
100,#PlazadeMayo #Libertad #Pasesanitario #ConvoyForFreedom ğŸ‡¦ğŸ‡·ğŸ‡¦ğŸ‡·ğŸ’• https://t.co/ukkx8O5Z30
101,"@Solanopo Lo Ãºnico que equivale a contagios es la falta de prevenciÃ³n.
La burocracia no detiene los contagios y no elimina virus. Por eso las DDJJ y los #PaseSanitario sÃ³lo sirven para engaÃ±ar a la ciudadanÃ­a"
102,"@fbartolacci Insiste en pedir #PaseSanitario Bartolacci? La universidad de La Plata y de la Matanza desistieron de tal violaciÃ³n a los derechos de los alumnos a decidir si inocularse o no, un experimento.  Lea el paper de The Lancet por favor y luego  nos explica para que sirve el pase. Grax"
103,@949alejandro @C5N El #PaseSanitario no evita contagios. Es un trÃ¡mite burocrÃ¡tico
104,"En minutos, en vivo @FranSanchezNQN en vivo para @Canal7Salta en nota sobre #PaseSanitario.
MÃ­ralo ğŸ‘‡ https://t.co/znQrSano41"
105,"#Enterate ğŸ‡®ğŸ‡¹ | Los Milaneses en contra de la #DictaduraSanitaria y se niegan a mostrar su #PaseSanitario para entrar en bares y restaurantes. Decidieron traer comida y bebida de casa para un aperitivo al aire libre, todos juntos, vacunados y no.

#Italia

https://t.co/YT8m5ioCvl"
106,"#UNMdP #Universidades #MarDelPlata #PaseSanitario Desde la UNMdP descartaron nuevamente la posibilidad de exigir pase sanitario
 https://t.co/OazFM67XLs @LazzerettiAR @unmdp https://t.co/JCWWANGiRH"
107,"Santa Cruz exigirÃ¡ vacunaciÃ³n obligatoria a los alumnos a partir de los 4 aÃ±os 

#SantaCruz #VacunaciÃ³nObligatoria #PaseSanitario
#Alumnos #Colegios 
https://t.co/yau8Pdutzl https://t.co/i3buWFGeJb"
108,"â€œEl alumno que no estÃ© vacunado va a poder rendir, pero vamos a trabajar con las medidas de prevenciÃ³nâ€ afirmÃ³.

â¡Entrevista completa: https://t.co/xKu2xKSawv

#EntrevistasREC #MedidasSanitarias #PaseSanitario #VacunaciÃ³nCovid #UniversidadNacionalDeRosario #Covid19 @indianavil"
109,"âš–ï¸ La Corte Suprema chilena prohibirÃ¡ el acceso a los tribunales de Justicia a toda persona que no cuente con el pase sanitario.

#LATAM #LatinoamÃ©ricaPiensa #chile #pasesanitario #covid19 #pandemia 

https://t.co/WM0hIwGTHI"
110,"ğŸ‡®ğŸ‡±ğŸ’‰ğŸ˜·| #MundoRED92 | #Israel | #COVID19 | #PaseSanitario | #Pandemia |

Israel cancela el pase sanitario 

Solo se requerirÃ¡ la presentaciÃ³n de ese documento al ingresar a salas de eventos y clubes de baile.

https://t.co/0JJNMde2EA"
111,"#PaseSanitario I ""En los estadios de fÃºtbol es en uno de los lugares en lo que se puede plantear. Requiere de esfuerzos y prevenciÃ³n adicional, hay que adoptar una estrategia inteligente"" @JuanPusineri"
112,#VACUNASasesinas #PaseDeMovilidad #pasesanitario https://t.co/ki1e3jX0kK
113,"El Jefe de Gobierno porteÃ±o adelantÃ³ la eliminaciÃ³n de las burbujas y de los aislamientos por contacto estrecho. AdemÃ¡s, confirmÃ³ que en las #escuelas porteÃ±as no se exigirÃ¡ el #PaseSanitario. https://t.co/5CThpC5KX3"
114,"Miren tal belleza 
Escuchen el audio jajajaja
CortesÃ­a en instagram de @danilodrac
#TiraniaSanitaria #PaseSanitario #vacunacion #AlDiaConShirley #EnginAkyuerek #AmarProfundo # https://t.co/H1m4B3TBle"
115,"Llevo como 10 minutos riendo con esto. ğŸ˜‚ğŸ˜‚ğŸ˜‚
#PaseSanitario
#Pase ğŸ¤·ğŸ¼â€â™€ï¸ https://t.co/YeRz4cq34n"
116,AcÃ¡ mostrando mi #PaseSanitario https://t.co/nCsXpJlnKq
117,"@SaludRosario Hola! 
Ayer tuve un cumple en mÃ­ pueblo, una de las presentes no estÃ¡ vacunada y contÃ³, riÃ©ndose mucho, q ella va a los #Shoppings d #Rosario cada vez q quiere xq cuando le piden el #PaseSanitario dice q ""lo dejÃ³ en la casa y no es de la ciudad"" @pablojavkin
#Â½Pila"
118,"#PaseSanitario EstÃ¡ confirmado que la #Uncuyo, #Champagnat y #Mazza, no pedirÃ¡n pase sanitario. Afirman que seguirÃ¡n el estado sanitario y epidemiolÃ³gico de la provincia y se respetarÃ¡n las normativas vigentes. #HoyPorHoy @7francodiaz https://t.co/MBY9mrgfJK"
119,"Esto pasa en los colegios e institutos #Canadienses, los alumnos se revelan contra los #pasesanitario y #Mandates @Truckers4Fredom @Truckers4Freedm #CanadaTruckers https://t.co/IjinM1Fzk3"
120,"#PaseSanitario 

La Ciudad de Buenos Aires confirmÃ³ que no pedirÃ¡ pase sanitario y eliminarÃ¡ protocolos

https://t.co/RsOZpb1ORH"
121,".@spitta1969 presentÃ³ ante la Corte Suprema un recurso contra el #pasesanitario 

âœï¸Por Christian Sanz
https://t.co/vSzYm95VKd"
122,"""Apuntamos a la tercera dosis"": Medina Ruiz fundamentÃ³ la prÃ³rroga del #pasesanitario en #TucumÃ¡n https://t.co/7Sh4clXVfp https://t.co/WOo86BC5Ek"
123,"ESTA AGITADO !!! LOS OJOS MUY ABIERTOS !!! INQUIETO !!!
ESTA ADULTERADO ???
SE DIO EL #PaseSanitario ?
LO MEJOR QUE HACE UN PSICOPATA MANIPULADOR ES ENCONTRAR MASAS QUE LE CREEN... https://t.co/sn3Hvq2YAJ"
124,"@FernanQuirosBA  aclarÃ³ que â€œen la Ciudad el pase sanitario no tiene aplicabilidadâ€

Toda la informaciÃ³n la encontrÃ¡s en #DixitP ğŸ‘‡

https://t.co/TMJLGnsANZ

#CABA #protocolo #salud #pandemia #covid19 #coronavirus @gcba #dixitpinforma @horaciorlarreta #pasesanitario #barbijo"
125,"En breve inauguraremos la exposiciÃ³n 'San MartÃ­n, cÃ³ndor de la libertad' ğŸ’‚ Los vecinos podrÃ¡n acercarse al museo Casa Molinas a disfrutar de esta muestra gratuita ğŸ™Œ SerÃ¡ obligatorio presentar el #PaseSanitario y respetar las medidas preventivas ğŸ˜· â¬‡ï¸ https://t.co/LMcffWAcjp"
126,"HorÃ¡cio Larreta. @horaciorlarreta

NO SE VA A PEDIR EL PASE SANITARIO.
En la Escuela ğŸš¸

Aprende @Kicillofok ğŸ¤¡

#NoAlPaseSanitario ğŸ–•ğŸ¼ #PaseSanitario"
127,"ğŸ¥| #coronavirus: @HoracioRLarreta anunciÃ³ que en la #VueltaAClases no se pedirÃ¡ en #CABA el #pasesanitario, se terminarÃ¡n las burbujas y los contactos estrechos de casos confirmados no deberÃ¡n hacer aislamiento https://t.co/Pezueyv9LC"
128,"""El tema del pase puede resultar antipÃ¡tico para aquellos que no estÃ©n vacunados, pero en algunos bancos se estÃ¡ pidiendo, aquellos que no lo tienen que traten de realizar los trÃ¡mites vÃ­a web y quienes lo tengan que lo lleven a la sucursal"" #pasesanitario"
129,"Asi es como cada uno have eespetar su libertad. 
#COVID #pasesanitario https://t.co/Xv15LETTVx"
130,"Buen dÃ­a hoy el Jefe de Gobierno @horaciorlarreta anuncio entre otras medidas, que no pedirÃ¡ #PaseSanitario ni a los alumnos ni a maestros, excelente idea para los que tanto lo critican ğŸ‘‹"
131,"ğŸ‘‰ Larreta anunciÃ³ que CABA no exigirÃ¡ pase sanitario y se elimina el sistema de burbujas

#larreta #pasesanitario #vueltaaclases #burbujas #buenlunes

https://t.co/HTGNiUpE4i"
132,"#PaseSanitario ""Estamos pidiendo sanitario. Pero no es inconveniente porque la gran cantidad de los turistas que nos visitan estÃ¡n vacunados""
ğŸ™ï¸ @BarreraGusOk en #SieteColores ğŸŒˆ por ğŸ“» https://t.co/L8BUsqCkgy"
133,"No, no es normal morir en la escuela x problemas cardÃ­acos, enfermedades repentinas, hemorragias cerebrales . No es nada normal q tales eventos ocurran en grupos. Al menos cinco , hemos contado en los Ãºltimos diez dÃ­as
No! al #PaseSanitario #VacunaCOVID19 https://t.co/79tPiza86V"
134,"#BuenLunes
#BuenDÃ­a
Â¿Unos #Mates?ğŸ«–ğŸ§‰ğŸªğŸ¯ğŸ GÃ©lida y #HermosaMaÃ±ana de #SolğŸŒen #BairesğŸ™ï¸

#VacunateYCuidateğŸ’‰ğŸ’ªğŸ»ğŸ˜·âœŒğŸ»#VacunacionCompleta #PaseSanitario #COVID19 #Delta #Omicron
#FelizLunes,#Salud y #BuenaSemana para #TodosğŸŒ
#ArgentinağŸ‡¦ğŸ‡·"
135,ğŸ‘ #pasesanitario #covidiota https://t.co/oux5NpbN2h
136,"#Clases en la #Ciudad: no se exigirÃ¡ #pasesanitario y se elimina el sistema de burbujas
https://t.co/JDy6xXkwIm"
137,"Hoy es el gran dia para frenar esta parafernalia,  unanse querida gente   por la #Libertad y el ejercicio de la #ConstitucionNacional #Pasesanitario #Argentina https://t.co/itceIXpOBb"
138,"En el #PanoramaNacional @veronicaurr desde @BAProvincia. #Pasesanitario en Universidades PÃºblicas. La #nochedelasvacunas #Covid19 @SaludBAP. La presencia del gobernador @Kicillofok en la gira de @alferdez por Rusia, China y Barbados @radionacionalAR  https://t.co/MfJN0YBzKX"
139,"#Importante: Vean este hilo con videos traducidos, de las denuncias presentadas en Alemania, para iniciar el Juicio de Nuremberg 2.0.
#Covid #Pandemia #Coronavirus #PaseSanitario #Tirania #Farmafia. https://t.co/iH4OYwVwb7"
140,"Hoy 18 hs todos a plaza de mayo

#7F #ConvoyForFreedom2022 #plazademayo #Argentina #mariabianchi #libertad #liberales #pasesanitario #finalcuarentene #BuenaSemana https://t.co/ZjQNqe5QNx"
141,"Luis Medina Ruiz tendrÃ¡ que defender el #pasesanitario  en la Legislatura
https://t.co/YyVi7pEQHB"
142,"@carlavizzotti @horaciorlarreta No entiendo porque la @SSSALUD pide #pasesanitario si la vacuna no es obligatoria y ademÃ¡s las oficinas estÃ¡n en CABA.
#discriminaciÃ³n https://t.co/P4rmGVHqb4"
143,"El Presto  el lado B del Juicio 
#pasesanitario #Vacunas Obligatorias 
https://t.co/c9qy2PcJSW"
144,"@C5N @AmadoBoudouArg @BallesterDani Cuanta hipocresia...
Siguen hablando de Dictaduras los mismos que militan un #PaseSanitario al mejor estilo NA Zi, restringiendo derechos y libertades...
Como se cagan de risa de la orda de fanaticos que aun los siguen! DELINCUENTE es poco!!
Y ojo, Macri me chupa un huevo. Fue!"
145,"ARGENTINA: 122.684 muertos por el robo de vacunas y fiestas VIP 

#MasCuarentonasYMenosCuarentena #Coronavirus #Pandemia #Corona #Arg #RealidadMataRelato #Argentina #Olivos #Omicron #EmosidoEngaÃ±ado #VacunatorioVipÂ  #RobaronLasVacunas #VerguenzaMundial #PaseSanitario https://t.co/lImNoC6JxY"
146,"#Observemos quiÃ©nes son los #polÃ­ticos y #partidos que se oponen clara y decididamente al #PaseSanitario y actÃºan en consecuencia.
Â¡Basta de Ã©sos otros que ""se dicen distintos"", pero SON TODOS IGUALES.

https://t.co/i2HBm0gTfl"
147,"@Domadora2276 Con todo respeto:
En Mendoza tenemos un gobierno anti-K. Para comenzar el ciclo lectivo el gobierno busca que el 100% de alumnos y docentes estÃ©n VACUNADOS con las 3 dosis.
Es un #PaseSanitario encubierto... pero NO garpa criticar a los anti K.
La #DobleMoral de la gente da asco."
148,"@PanAmPost_es Dolores Umbridge seguro es la autora del #pasesanitario #PaseDeMovilidad  , de la #cuarentena y de la #VacunaCOVID19 obligatoria."
149,"#CanadaTruckers ğŸ‡¨ğŸ‡¦ | Un dÃ­a mÃ¡s que transcurre y los canadienses se mantienen unidos. 
Los camioneros no se rinden, los granjeros se han sumado a la lucha. Todos juntos contra el #pasesanitario y para restaurar todas las libertades.

#TruckersForFreedom 

https://t.co/cGzE7czTRW"
150,"@WolffWaldo Yo ya NO. 
A todos los #pro_vax experimentales, tramposos y cÃ³mplices de Ã©sta ilegalidad que pretenden con la #obligatoriedad y el #PaseSanitario:
#NuncaMÃ¡s.

Y espero #seamos_muchos."
151,Como docente prefiero el #PaseSanitario y dejar de usar ese barbijo de  ğŸ’© Muchos de los chicos los traen sucios que son un asco.  Hay mÃ¡s bacterias en esos barbijos que el virus en sÃ­....@horaciorlarreta
152,"No son los Ãºnicos, lamentablemente. #pasesanitario https://t.co/aGj6RgIt3C"
153,"Cada dia aparece info q quita la venda de nuestros ojos, es inevitable, debemos hacernos cargo, pq piden un #pasesanitario si no te pones  la  aguja suicida  q potencia  enfermedad q salio de un lab. Chino. #chemtrails https://t.co/mVxvMHJq9c"
154,"La iniciativa del pedido de #PaseSanitario en las universidades, con el fin de profundizar la campaÃ±a de #vacunacionanticovid19, provocÃ³ reacciones negativas por su impacto prohibitivo en el acceso a la #educacion. Â¿QuÃ© resolvieron en #EntreRÃ­os?
https://t.co/vZefrK4CDU"
155,"Di covid+ el 26 de enero, ya de alta y teletrabajando  hace dÃ­as..
Cuando van a habilitar mi pase movilidad??? 
Lo necesito para reingreso laboral @ministeriosalud @DrEnriqueParis 
#pasesanitario"
156,"#ATENCIÃ“N ğŸ‡¨ğŸ‡¦ | MÃ¡s de una semana de protestas ininterrumpidas en contra del #pasesanitario en la capital de #Ottawa. Los valientes #TruckersForFreedom y otros protestantes, ya son protagonistas de la mayor protesta ocurrida en #Canada.

#FreedomConvoy2022 https://t.co/bk8Pmw9tCx"
157,"@gDaniel_10 @_maferba06 Ojo, hay q asegurarse bien antes de hablar, estoy en contra del #PaseSanitario no es por defender!!  ğŸ‘‡ğŸ‘‡ğŸ‘‡ğŸ‘‡ https://t.co/jL896DhGyw"
158,#grafeno #todastienengrafeno #yonomevacuno #pasesanitario #noalpasesanitario https://t.co/k4bfHlffui
159,"The Lancet: Vacunas NO REDUCEN TRANSMISIÃ“N comparado a no vacunados. AsÃ­ que...
Dejen de joder con el #PaseSanitario 
#NoAlPaseSanitarioArgentina
#VanAcorrer https://t.co/QQ99kCIdL6"
160,"#farmafias #pasesanitario #Convoyargento estas mafias crean los problemas y despuÃ©s te venden la soluciÃ³n . Pagan sobornos con tus enfermedades cada vez q vas a la farmacia. El 11 de Septiembre fue por la libertad  individual en cada aeropuerto, ahora covicho. https://t.co/PiUdqhiaLx"
161,"#Matasanos mercenarios de la #Farmafia 
Millones de personas PERDIERON sus trabajos a causa de las cuarentenas y  mandatos ilegales como el #PaseSanitario .
Si TODOS los trabajadores de la Salud HABLARAN, no podrÃ­an despedirlos en masa; y serÃ­a el FIN. https://t.co/3lLtJtKFyD"
162,@infobae Y para prohibir el #PaseSanitario  para cuando ?? #NoAlPaseSanitario #NoALaVacunaObligatoria
163,Y para prohibir el #PaseSanitario  para cuando ?? #NoAlPaseSanitario #NoALaVacunaObligatoria https://t.co/4zEkhsMhcq
164,"ARGENTINA: 122.584 muertos por el robo de vacunas y fiestas VIP 

#MasCuarentonasYMenosCuarentena #Coronavirus #Pandemia #Corona #Arg #RealidadMataRelato #Argentina #Olivos #Omicron #EmosidoEngaÃ±ado #VacunatorioVipÂ  #RobaronLasVacunas #VerguenzaMundial #PaseSanitario https://t.co/KiQVhpcXAB"
165,"#SantaCruz es otro paÃ­s. El abandono que se ve desde el 1er metro de territorio, y tambiÃ©n el maltrato a propios y ajenos. Interminables colas de vehÃ­culos para ser controlados (#PaseSanitario), sometiendo en la espera en ""ruta de la muerte"" (x corrupcion) a cualquier evento https://t.co/Vhdf3NKUyp"
166,"Para que vean que sus camiones hidrantes no son todopoderosos.

#despertate #plandemia #apagalatele #apagalatv #tiraniasanitaria #pasesanitario #dictadurasanitaria #AbreLosOjos https://t.co/0GLKzhF5fS"
167,#grafeno #todastienengrafeno #yonomevacuno #PaseSanitario #noalpasesanitario https://t.co/KrLliYQvcY
168,"Sigo insistiendo en no #vacunar a jovenes sanos.  
#VacunaCOVID19  #PaseSanitario https://t.co/iVwgmpIqYP"
169,"#EDUCACIÃ“N | La UNC no pedirÃ¡ pase sanitario para el ingreso a sus facultades.
Nota de @el_resaltadorok 

#universidades #UniversidadNacional @unc_cordoba #bioseguridad #PaseSanitario #MedidasDeSalud #InfoACN #ACNoticias
https://t.co/pK2fE2Igos"
170,"@Gus_Noriega Ah, sÃ­. 
Pero parece que a pesar de Ã©sto, el #PaseDeMovilidad o #PaseSanitario es efectivo, porque siguen rompiendo los huevos y cagÃ¡ndose en la constituciÃ³n y los derechos con Ã©l aÃºn activo."
171,RECUPERÃ TU LIBERTAD #NoAlPaseSanitario #NoAlPaseSanitarioArgentina #pasesanitario #PaseNazitario https://t.co/ZuL6cBJVjQ
172,Y para prohibir el #PaseSanitario  para cuando ?? #NoAlPaseSanitario #NoALaVacunaObligatoria https://t.co/hQWz6L4dIT
173,@VagonetaRodrigo pide para entrar a su obra de teatro en Mar del Plata el #PaseSanitario irÃ­as a verlo ?
174,#Chubut #pasesanitario #VacunaCOVID19 #COVID19 https://t.co/AROD9MwLMg
175,"Sistema de CrÃ©dito Social de China o '#PaseSanitario'
â€œHu fue incluido en la lista negra. Se dio cuenta cuando tratÃ³ d comprar un boleto d tren y le dijeron q tenÃ­a prohibido viajar y no puede obtener un prÃ©stamo bancario, iniciar un negocio, comprar un deptoâ€. https://t.co/ZA7hPJTVB7"
176,"â€¼ï¸ Desde el 3 de enero entrÃ³ en vigencia en nuestra provincia el #PaseSanitario ğŸ’³ğŸ˜·

Si aÃºn no lo tenÃ©s, acÃ¡ te compartimos el paso a paso para obtenerlo desde la app ""Mi Argentina"" ğŸ“± para que puedas acreditar tu estado de salud y tu esquema de vacunaciÃ³n a donde sea que vayas. https://t.co/LWBCuehdvK"
177,"73,1 % dice que no #pasesanitario https://t.co/4d8Q0521D0"
178,"Junto a @DrCKambourian hablamos sobre tema inconstitucionalidad del #PaseSanitario, gracias por tu compromiso con el tema y por escuchar mi caso y mi preocupaciÃ³n.
 #EsJuntos #SiSePuede #ContinuamosJuntos #JxC2023
#ContinuamosJuntosBahiaBlanca https://t.co/EJJvYiEI7M"
179,"Mi lista negra estÃ¡ integrada por todos los politicos y funcionarios que no hicieron nada absolutamente para derogar el 
PASE SANITARIO .
Hablan de REPÃšBLICA y apaÃ±an la violaciÃ³n de derechos de las personas. 
#NoAlPaseSanitario  
#COVID19 
#COVIDãƒ¼19 
#COVID
#pasesanitario"
180,13 residentes en el #PartidodeGeneralPueyrredon fueron librados de la obligatoriedad de presentar un #PaseSanitario. Y el resto no siendo que todos tenemos ese #DerechoConstitucional https://t.co/tepWT04vaX
181,"Empresas de Ã³mnibus piden la obligatoriedad del #pasesanitario en trenes, combis y aviones
https://t.co/HLzBLmDRB1 https://t.co/5oZQby7fDP"
182,La protesta de #TruckersConvoy2022 en #Canada surte efecto: #Quebec y #Ontario anuncian fin del #pasesanitario #CanadaTruckers #CanadaConvoy #laderechadiario #TrudeauResign #TrudeauHasGotToGo #TrudeauNationalDisgrace #TrudeauDictatorshipMustGo  https://t.co/BeAzTojVdj
183,"#PaseSanitario ""evolucionarÃ¡"" hacia ""identidad electrÃ³nica""
Quieren eliminar el $ en efectivo
Quieren SABER en q gastas c/ centavo
AsÃ­ CONTROLARÃN en q puedes gastar y en q no
MANEJARÃN TU VIDA de forma centralizada vÃ­a una App
TecnologÃ­a capitalista al servicio del neocomunismo https://t.co/GnjiSy4zQ8"
184,"#Argentina En el #TrenRoca Â¿QuÃ© harÃ­as si te toca compartir vagÃ³n con un pasajero como ""este""? Â¿le pediran #pasesanitario ? 
@radiogonnet #LaPlata facebook https://t.co/cqF2d1H437"
185,@Solanopo @RAMIROMARRA @JMilei Y q me container del #PaseSanitario
186,"Alegato final (audio) en su juicio del Presto. 
#pasesanitario #Vacunas #CORRUPCION 
https://t.co/1hGNDRIlZd"
187,"@fargosi Lucha para  eliminar el #PaseSanitario que es una  verdadera coerciÃ³n y coacciÃ³n al ciudadano.
Estas vacunas tienen muy pobre eficacia real y reacciones adversas significativas en jÃ³venes (pÃ©simo ratio riesgo beneficio)."
188,"Empresas de Ã³mnibus piden la obligatoriedad del #pasesanitario en trenes, combis y aviones
https://t.co/HLzBLmVsZB https://t.co/n10DAORX54"
189,"#editorial #sÃ¡bado100 #pasesanitario #radioelespectador
https://t.co/MWRXYYEjYY"
190,"@WolffWaldo Que opinan los PRESENTES del #PaseSanitario ?? 
Necesito su respuesta @WolffWaldo, reciÃ©n vi una nota donde Ud. evade la respuesta, porque ""no era el lugar"" AcÃ¡ es el lugar, QUE OPINA SOBRE  PASE SANITARIO @WolffWaldo ?"
191,"ğŸ“Œ El director de la #UNR, Franco Bartolacci, anunciÃ³ que desde la prÃ³xima semana funcionarÃ¡n estos nuevos mÃ³dulos sanitarios bajo el Programa de PromociÃ³n y Cuidado de la Salud. AdemÃ¡s, incluye el #PaseSanitario.
https://t.co/ZYsDfg8Ubj"
192,"ARGENTINA: 122.439 muertos por el robo de vacunas y fiestas VIP 

#MasCuarentonasYMenosCuarentena #Coronavirus #Pandemia #Corona #Arg #RealidadMataRelato #Argentina #Olivos #Omicron #EmosidoEngaÃ±ado #VacunatorioVipÂ  #RobaronLasVacunas #VerguenzaMundial #PaseSanitario https://t.co/wtYKv3UB59"
193,"me hackearon mi canal de youtube, desgraciados
tenia mis cosas ahi de clave unica, con ese correo, ahora no se que hacer, por suerte descargue el pase de movilidad.
0 PCR #PaseDeMovilidad #PaseSanitario #eldiscipulochv #thecoversmega 
https://t.co/A5gzQxJQB0"
194,"Pregunta serÃ­a
Me pueden prohibir la entrada a la terraza (abierta) de un restaurante, si no tengo pase de movilidad? O es solo para estar adentro? 
#Covid_19 #PaseSanitario #VacunaCOVID19"
195,Para esto hay #PaseSanitario? https://t.co/kQZ5bPDBKA
196,"Ya nomas la exigencia de exhibir el #pasesanitario viola la protecciÃ³n de datos del paciente conoce tus derechos, cierto q vacunan en una carpa y cortando la cadna de frÃ­o y vos diputado de cuarta  relee la #ConstituciÃ³nNacional #FalsaOpo #Waldowolf #MartinTetaz  @PatoBullrich https://t.co/GWAVapRYWw"
197,@RAMIROMARRA @gladiadormerval CÃ³mo esta el tema #pasesanitario? CÃ³mo se estan ocupando? Siguen sin dejar entrar a Bancos en PBA
198,"@cherediaf Excelente aporte, muchas gracias por compartirlo seÃ±or Heredia. Un abrazo, y que Dios bendiga a su familia.
#PaseSanitario #VacunaObligatoria"
199,#LaNocheDeLasVacunas #Banfield #pasesanitario https://t.co/7qIHlBFLzK
200,"@isidoraalcalde @lun @ministeriosalud @DrEnriqueParis Â¿Por quÃ© insistir en un #PaseSanitario que obliga a la poblaciÃ³n a tomar un medicamento que NO sirve para aquello por lo que fue fabricado? Si disminuye la gravedad de infecciÃ³n, pero NO evita el contagio, xq insistir tanto? https://t.co/jmIHwVtYzd"
201,"#Esquel : La #Universidades  San Juan Bosco vuelve a la presencialidad sin #PaseSanitario 
#Argentina 
 https://t.co/2X4ZayBEDe"
202,"@XimenaGarzon11 Violar la constituciÃ³n, atentando contra la democracia, discriminando para hacia obligar a que se vacunen, y no eliminan el #PaseSanitario carnet de vacunaciÃ³n #ProhibidoOlvidar con el tiempo terminarÃ¡n pagando tanto delito y atentado contra la ciudadanÃ­a Ecuatoriana #Ecuador"
203,"Hoy fui al #carrefour de calle PueyrredÃ³n al 700 de Rosario, no nos pidieron el ilegal e inconstitucional #PaseSanitario  

Una buena para el lado de la libertad de los ciudadanos, de N/derechos, la CNğŸ‡¦ğŸ‡· y la Justicia! 

#InUrFace: Perotti, Javkin y Caruana! NO PASARAN ğŸ’ªğŸ‡¦ğŸ‡·âœï¸âš–ï¸"
204,"#EducaciÃ³n La #UNPSJB no pedirÃ¡ #pasesanitario a sus alumnos

SeguÃ­ leyendo en ğŸ‘‡

https://t.co/4EBOKRiU7c https://t.co/xp3KM9IuMi"
205,"@gracielaocana @Menganocat Al menos, pongan la energÃ­a en TUMBAR todo #PaseSanitario que se le ocurra imponer a algunos afiebrados violadores de derechos.

Y ni se les ocurra imponer Ã©stos sueros en el #calendario anual de #vacunaciÃ³n. 
OJO que los vemos."
206,Todos contra el #PaseSanitario parece que nadie quiere la vacuna
207,"En #Ecuador #3F el COE y el famoso @CapiZapataEC mantienen vigente la medida descarada discriminatoria de pedir carnet #PaseSanitario en locales d vÃ­veres y farmacias pese a las muertes que se an venido dando en los vacunados 
Hay demandas en proceso por Violar y violentar la ley"
208,"Yo desconfÃ­o enormemente d nuestras autoridades. La pandemia parece existir sÃ³lo para los q estamos dentro d Chile, mientras siguen entrando migrantes sin ningÃºn tipo d control, nos llenaron d delincuentes, con el alto auspicio d la ONU! Muy raro todo... #PaseSanitario https://t.co/BUAsDcgV2C"
209,"@Piquincho1 @Carlos_AD_Viola Tu abuela una genia. Pero Ã©se se hace el pelotudo con el #PaseSanitario. 
Es mÃ¡s...quiere encierro para los no vax."
210,"@Piquincho1 @Carlos_AD_Viola SÃ­. Justo Wolff.
El mismo que piensa que hay que defender la ley y la democracia (cuando peligra su posibilidad de seguir mamando del estado) pero no le parece lo mismo el #Ilegal e #INCONSTITUCIONAL #PaseSanitario"
211,"Y dÃ³nde ves en el #PaseSanitario un
 ""objetivo constitucional"" @WolffWaldo

Â¡Pedazo de turro!. https://t.co/OXQ7G0K79m"
212,A mÃ­ papÃ¡ en el pueblo donde vive lo pararon en la ruta para pedirle los papeles y el #PaseSanitario ?? estÃ¡n locos!??
213,"Seguir vacunando (2,3 o mÃ¡s dÃ³sis) perjudica el #SistemaInmunologico, dice la Agencia Reguladora Europea de Salud. AdemÃ¡s la Corte Suprema de USA declaro inconstitucional el #PaseSanitario -Noticia Reuters https://t.co/PZgwjAs7HV"
214,"Un abogado que integra el espacio #MÃ©dicosPorLaVerdad se encontrarÃ­a en breve logrando obtener un recurso de amparo con validez en el Partido de #LaCosta y la regiÃ³n contra el #PaseSanitario impuesto por el gobierno.

https://t.co/NLE1AQ1Brk

#NOalPaseSanitario ğŸ’‰ğŸš«"
215,Entre @PatoBullrich y @MiguelPichetto .. o @alferdez y  @CFKArgentina ... me quedo con @NicolasdelCano ...??  pero  QUIEN NOS DEFIENDE ANTE EL #PaseSanitario y la #inflaciÃ³n ???
216,"#UNRğŸ“²: A partir del lunes  @UNRoficial  solicitarÃ¡ a estudiantes, docentes y personal no docente, el esquema completo de vacunaciÃ³n. 

#PaseSanitario #Rosario #Noticias #PrimeraVerdad

ğŸ‘‰https://t.co/yhLsFMKYx7 https://t.co/XEBuV7srmK"
217,#PaseSanitario inconstitucional o solo lo que NO les conviene ? https://t.co/HheH2QXedJ
218,"Pero el #PaseSanitario no es inconstitucional 
Solo es algo k no les importa Ã³sea, solo es inconstitucional si no les conviene 
Ah ya se cambio de partido o es como @SergioMassa ? https://t.co/z55zC0tCUE"
219,"@TotyFlores @mariadelmonton Deroguen el #PaseSanitario 
#NoAlPaseSanitario"
220,"Covid-19: ratifican que no pedirÃ¡n Pase Sanitario en la UNC 

#CÃ³rdoba #Covid_19 #UNC #PaseSanitario #vacunaciÃ³n
https://t.co/5GvdRjejgR"
221,"@Kicillofok la vacuna no es obligatoria, el pase no es obligatorio y estÃ¡ reglanentado en la universidad de La Plata y La Matanza. Es joda. No al #PaseSanitario https://t.co/83nmXKOfFv"
222,@Kicillofok Presencialidad! QuÃ© mÃ©dicos estÃ¡n formando en la virtualidad? Abajo el #PaseSanitario https://t.co/83nmXKOfFv
223,"Las Universidades de la regiÃ³n definen si solicitarÃ¡n #PaseSanitario para la presencialidad. 
Te lo contamos en #Noticias10 MediodÃ­a en VIVO en: https://t.co/9rUan4SypY https://t.co/uOJFU8TxwR"
224,"#FelizViernesATodosğŸŒ»ğŸ˜‰
#BuenDÃ­a
#Mates...y #FideosConSalsa con #MuchoQueso
ğŸ«–ğŸ§‰ğŸªğŸ¯ğŸ ğŸ¤­ğŸ ğŸ§€
#MediodÃ­a nublado en  #BairesğŸ™ï¸

#VacunateYCuidateğŸ’‰ğŸ’ªğŸ»ğŸ˜·âœŒğŸ»#VacunacionCompleta #PaseSanitario #COVID19 #Delta #Omicron
#BuenViernes,#Salud para #TodosğŸŒ
#ArgentinağŸ‡¦ğŸ‡·"
225,"@DrMocci Yo creo que es hora de dejar la guerra de muertos de vacunados vs no vacunados. El que se quiera vacunar que se vacune y el que no no,  eso sÃ­ nunca jamÃ¡s #PaseSanitario"
226,"Falta muy poco para que te des cuenta que todos los problemas que se vienen son consecuencias de la vacuna experimental Covid-19
#PaseSanitario #PaseDeMovilidad 

La pandemia deja un millÃ³n de casos de cÃ¡ncer sin diagnosticar en Europa https://t.co/HXgUxi0E1L"
227,ğŸ’ª #NAZIPASS #PaseSanitario #Genocide #SeRepiteLaHistoria #HolocaustRemembranceDay https://t.co/lre3ftxaJ0
228,Te vas a tener q joder... ğŸ˜‚ #PaseSanitario https://t.co/ZF3btAx1WV
229,"COVID-19 EN CÃ“RDOBA | Confirman que no pedirÃ¡n pase sanitario en la UNC
https://t.co/l1FnAB4ykh

#Coronavirus #PaseSanitario"
230,"PROHÃBASE EN ARGENTINA LA EXIGENCIA DEL PASE SANITARIO
#Ley #Argentina #voslegislas #PaseSanitario #covid #COVID19
https://t.co/Pa5E0XzkdZ"
231,"#Chubut | Comienzan los #Carnavales 2022 en #Dolavon ğŸ­ğŸŠ

ğŸ’ No se pedirÃ¡ #PaseSanitario

â¬‡ï¸MÃ¡sâ¬‡ï¸
https://t.co/GXTqGM5ZdL"
232,"YA TENES TU #PaseSanitario ???
PEDILO YA !!!
NO COMPRES TRUCHO.
COMPRA LA DEL ESTADO !!! https://t.co/6DjUh5Qi8x"
233,"#Cordoba descartÃ³ pedir el #pasesanitario en escuelas y el transporte. La secretaria de PrevenciÃ³n y PromociÃ³n de la #Salud de la Provincia, Gabriela BarbÃ¡s, dijo que el pico de la tercera ola de #coronavirus ya pasÃ³.

https://t.co/5tXhCGb4cp"
234,"ğŸ”Š ""SE TRATARÃ VOLVER A LA PRESENCIALIDAD PLENA""

ğŸ“— En #EsPorAcÃ¡ hablamos con Roberto Terzariol sobre la decisiÃ³n que tomÃ³ el Consejo Superior de la UNC de no pedir el #PaseSanitario para concurrir a las aulas. https://t.co/5pAqrb7f9K"
235,"Llega el primer fin de semana del mes con mÃºltiples propuestas culturales, deportivas y de esparcimiento ğŸ™Œ Los vecinos podrÃ¡n disfrutarlas presentando el #PaseSanitario y respetando las medidas preventivas ğŸ˜· â¬‡ï¸ https://t.co/okLLsC8cEV"
236,@HoracioCabak Los mismos que te piden #pasesanitario .A estos no les piden #pasesanitario?
237,Te piden el #PaseSanitario ? MostrÃ¡ ESTO ğŸ‘‡ğŸ‘ğŸ¿ğŸ‘ğŸ¿ğŸ‘ğŸ¿ https://t.co/tmOajWK72s
238,"#FinDeSemana En LujÃ¡n  Â¡Te esperamos en el Museo!
ğŸ“Œ SÃ¡bados, domingos y feriados de 11 a 18 hs 
ğŸ“ŒJueves y viernes de 11 a 17 hs. 

Para realizar #Visitas se requerirÃ¡ el #PaseSanitario 

#museoprovincial #CulturaBonaerense  #buenosairescultura #potenciacultura #ProvinciadeTodos https://t.co/IMiXN1hyxy"
239,"No apoyo al PRO como partido ni a JxC como coaliciÃ³n, pero aplaudo a estas legisladoras que toman acciÃ³n legislativa para PROHIBIR el #PaseSanitario ilegal y autoritario.

#NoAlPaseSanitario 
#NoAlPaseSanitarioArgentina https://t.co/kQZwHUY4eu"
240,"RECUPERADOS DE ENVENENAMIENTO CON MERCA, VOLVIERON AL HOSPITAL POR COVID !!!
@nkreplak !!! PEDILES #PaseSanitario O NO PUEDEN COMPRAR LA MERLUZA !!!
YO QUE NO ME VACUNO CON TU BASURA, LE DEJO LIBRE MI RESPIRADOR !!!
JAJAAJ... https://t.co/pdgVs3SQ5O"
241,"ğŸ˜· El director General de Cultura y EducaciÃ³n seÃ±alÃ³ que â€œno es el pase sanitario el camino, sino la vacunaciÃ³n y la invitaciÃ³n a la vacunaciÃ³n""
https://t.co/QVmBTqPrJP
.
#pasesanitario #vacuna #presencialidad #comunidadeducativa #educacion #escuelas #docentes #estudiantes https://t.co/wK1gJ71HiU"
242,"#PaseSanitario #OpiniÃ³n 
https://t.co/smWLEbIMy0"
243,"#Trelew Sandra Loscar
ğŸ“ŒClases presenciales a la @unpsjb_oficial y no se va a pedir #PaseSanitario A partir del lunes comienzan los cursos de ingreso. Las clases comienzan el 2/3.
ğŸ“ŒAbogacÃ­a y EconÃ³micas reciben una mayor cantidad de alumnos. Modalidad: presencial y virtual. https://t.co/cLltqjjMIo"
244,"#Noticias ğŸ“°Temas del dÃ­a:

ğŸ“Œ#Coronavirus en CÃ³rdoba: 3.680 nuevos casos y 19 muertes
ğŸ“Œ#Viernes con tiempo inestable y una mÃ¡xima de 28Â°
ğŸ“ŒLa #UNC no pedirÃ¡ #pasesanitario en su Ã¡mbito
ğŸ“Œ#VillaMarÃ­a: imputaron a una concejal como ""participe"" de abuso sexual"
245,@nikinikitaliana Pero el #pasesanitario se sigue pidiendo para entrar a Bancos en pcia de Bs. As.
246,#PaseSanitario en mi podcast. Sumate a la #polemica
247,"Normas sanitarias sin eficiencia!! 
#pasesanitario #tapabocas #vacunas para #ninos 
#covid_19 https://t.co/x3AF9dPF7G"
248,Si salÃ­s de Retiro no piden #PaseSanitario #pasenazi https://t.co/6mCCOlYNPh
249,@JuanNave @JavierCalamaro hacete un recital por streaming y todos vamos a comprarles las entradas para escucharlo. #Convoyargento #caravanaporlalibertad #7deFebrero #PaseSanitario
250,"""Legalicen las drogas!"" Pero para hacer un trÃ¡mite, te exigen un ""pase sanitario""... 

#PaseSanitario #noalpasesanitario #YoNoMeVacuno #grafeno #todastienengrafeno #noalpasesanitario #noalpasesanitarioargentina"
251,#bullying #noalavacunacionobligatoria #pasesanitario #Libertad SegregaciÃ³n y normalizaciÃ³n del maltrato infantil en las escuelas https://t.co/8rpwx4cUeC
252,Lo creo asÃ­. @RegaCarlos es otro de los promotores de normas ilegales como la #vaKunacionObligatoria y del #PaseSanitario https://t.co/Fcm5FwWaDy
253,"@danielbooneboom @hewson_jess @martintetaz Mucho respeto por la ConstituciÃ³n,pero del aberrante,nazi y anticonstitucional #PaseSanitario ,no hablan,o no se quieren pronunciar."
254,"""Â En estos tiempos se debaten cosas que hacen que perdamos el eje, que nos desviemos de lo realmente importante, la salud pÃºblica."" 
Esta vez, un extracto de la ultima entrevista deÂ @c5nÂ a la Dra. @gabrielapiovan2

#pasesanitarioÂ #piovanoenmedios https://t.co/ivosxgchUK"
255,"PASE SANITARIO | Se decidiÃ³ llevar adelante un relevamiento para conocer el estado de la inmunizaciÃ³n de estudiantes, docentes y trabajadores. #UNC #PaseSanitario https://t.co/GBvVcpZ4pL"
256,"ARGENTINA: 122.152 muertos por el robo de vacunas y fiestas VIP 

#MasCuarentonasYMenosCuarentena #Coronavirus #Pandemia #Corona #Arg #RealidadMataRelato #Argentina #Olivos #Omicron #EmosidoEngaÃ±ado #VacunatorioVipÂ  #RobaronLasVacunas #VerguenzaMundial #PaseSanitario https://t.co/tYOYzwcxn0"
257,Lo dice alguien que somete a la poblaciÃ³n a un #PaseDeMovilidad #PaseSanitario e inoculacion experimentalâ€¦..hay que ser caradura eh? https://t.co/gRztv7Js9N
258,#plandemia #PaseSanitario #Argentina #ConvoyArgento https://t.co/tukYyxTKVU
259,#pandemia    #PaseSanitario #DrogaAdulterada #ElPeorPresidenteDeLaHistoria https://t.co/7fWjWFWReN
260,Y lo peor todos #Engendros de la #Kretina que los mantiene con los #Planes y se van a comprar #Droga con nuestros #Impuestos los #Mantenemos a ellos no le piden #PaseSanitario ni nada porque los #Votan estamos asÃ­ https://t.co/pt1Zirl2Wb
261,"Como no te vas a nutrir con el periodismo argentino. De especialistas en #COVID19, en #vacunas, en #PaseSanitario etc, a especialistas en #DrogaEnvenenada #DrogaAdulterada o en #Narcos.."
262,"OjalÃ¡ se vayan a quiebra, ellos y tod@s l@s hijos de mil putas que estÃ¡n pidiendo el #PaseSanitario #PaseNazitario!!!
Todo vuelve...!!!
https://t.co/zaxfdalLOF https://t.co/PW5lqOSO6b"
263,Ishi en Rusia #Ponele #PaseSanitario
264,"Es increÃ­ble, hace falta sacar un proyecto de ley PARA QUE SE CUMPLAN LAS LEYES QUE YA ESTÃN!!!!

#Grafeno #yonomevacuno #todastienengrafeno #pasesanitario #noalpasesanitario https://t.co/P6G63j01jz"
265,"@ZinClaudio Otra criatura de TucumÃ¡n que han matado con la vacuna experimental Covid-19
Ustedes buscan que el Pueblo los busquÃ© hasta abajo de la cama!
Basta de #PaseSanitario
La vacuna #COVID19 mata https://t.co/DT9hm6qMGy"
266,"Una #ONG pide cancelar el censo porque te piden el #dni  y segÃºn ellos: â€œgenera graves afectaciones de los derechos a la intimidad, privacidad y autodeterminaciÃ³n en materia de datos personalesâ€. Esta claro, pero pedirte el #PaseSanitario no genera afectaciÃ³n alguna eh!"
267,"#cuartadosis #PaseSanitario #PaseDeMovilidad 

Consulta...
Â¿Cuentas dosis lleva puesta la poblaciÃ³n China? En quÃ© nÃºmero de vacuna van ellos?
TambiÃ©n se ponen de uno y otro laboratorio para ""aumentar la eficacia""???

Se agradece quien tenga info"
268,"#UNNE 
#PaseSanitario 
ğŸ—£ ""La decisiÃ³n para el 2022 es que profundicemos mucho mÃ¡s la presencialidad, y que vayamos en un camino de presencialidad plena"", dijo la rectora de la UNNE.
https://t.co/ufb4XEqObT"
269,RecorrÃ© TucumÃ¡n manteniendo los cuidados y no olvides tu #paseSanitario. ğŸ˜·ğŸ¤²ğŸ§´ğŸ§â€â™€ï¸â†”ğŸ§ https://t.co/cXug7V92qY
270,"En Mar del Plata, la universidad comienza las clases SIN #PaseSanitario pero si quiero estudiar un idioma en un instituto privado, no puedo porque te piden el #PaseCacunatorio QUE PAIS D EMIERDA LPMQLP!"
271,"Coronavirus: No pedirÃ¡n pase sanitario en colegios ni en transporte pÃºblico 

#CÃ³rdoba #Coronavirus #Escuelas #PaseSanitario #VacunaciÃ³n 
https://t.co/X74iahSMdW"
272,"En la Legislatura, alistan el aval para la prÃ³rroga del #pasesanitario: Â¿Hasta cuÃ¡ndo se extenderÃ¡? https://t.co/2O0QZuHOIZ https://t.co/sLQEh8OPVp"
273,Los que imponen un #PaseSanitario para obligarte a que te vacunes. Son 2 aÃ±os mÃ¡s asÃ­. Disfruten. https://t.co/iM6t12wtnB
274,"ğŸ˜· #FNM2022 | Para asistir a la fiesta de #Roca no exigen el #pasesanitario pero sÃ­ es obligatorio el uso del #barbijo ğŸ“Œ Enterate todo lo que tenÃ©s que saber, a horas del comienzo ğŸ‘‡ https://t.co/9B5KZvg9Ms"
275,"Estimado Gobernador de #Tucuman @OsvaldoJaldo, fÃ­jese que en la provincia en ningÃºn lugar, ni bares, ni bancos, ni lugares de esparcimiento, peluquerÃ­as, transporte... NUNCA PIDEN el  #PaseSanitario. Lo cual atenta contra la salud pÃºblica. Gracias!"
276,"Durante las ocho noches de carnaval, serÃ¡ obligatorio el uso de barbijo en espacios comunes, la presentaciÃ³n del #PaseSanitario para el acceso y el cumplimiento de los protocolos."
277,"#pasesanitario ""Lo fundamental es sostener una campaÃ±a que demuestre los fundamentos de la vacunaciÃ³n. No podemos volver a una presencialidad plena sin los elementos de higiene necesarios"" Manuel Leiva, presidente de la FUR FederaciÃ³n Universitaria de Rosario"
278,"#Trelew | La #Universidad de la Patagonia vuelve a la #presencialidad sin #PaseSanitario ğŸ«âš•ï¸

â¬‡ï¸MÃ¡sâ¬‡ï¸
https://t.co/3u6O8n5YNJ"
279,"#BuenJuevesğŸŒ»ğŸ˜‰
#BuenDÃ­a
Â¿Unos #Mates...o #Milanesas con purÃ© y ensalada?ğŸ«–ğŸ§‰ğŸªğŸ¯ğŸ ğŸ¤” ğŸ¥—ğŸ›
#MediodÃ­a lluvioso en #BairesğŸ™ï¸

#VacunateYCuidateğŸ’‰ğŸ’ªğŸ»ğŸ˜·âœŒğŸ»#VacunacionCompleta #PaseSanitario #COVID19 #Delta #Omicron
#FelizJueves,#Salud y #MilanesasConPurÃ©ğŸ½ï¸ para #TodosğŸŒ
#Argentina"
280,"Pami, NO ESCUCHA NI RESPONDE. AsÃ­ ""responde"" @PAMI_org_ar ante el tema del #pasesanitario #pasenazitario. ""ES ALGO QUE NOS EXCEDE"". Entonces si les ""EXCEDE"", pidan quiebra y llamen a convocatoria de acreedores, y privaticenla. @JulioRazona @DrMarianoLuduea @CanalTLV1 @fmlidermdq https://t.co/6aupr7JdDi"
281,"O sea con posterioridad o anterioridad a dicho plazo consumÃ­ todo lo que quieras. 
No estigmatizar ni juzgar a quien consume estupefacientes, porque eso NO ES UNA CUESTIÃ“N DE SALUD PÃšBLICA,  pero si se puede estigmatizar, discriminar y juzgar mediante el uso del #PaseSanitario. https://t.co/6N0i64uZhW"
282,que calentura que tengo la concha de todo!!!!!! Como puede ser que para estudiar un idioma en instituto privado con clase presencial te pidan el #PaseSanitario? ME CAGO EN TODOS MANGA DE FORROS!
283,"#ACTUALIDAD
LA PROVINCIA CONFIRMÃ“ QUE HABRÃ VACUNACIÃ“N LIBRE PARA LOS DOCENTES Y DESCARTÃ“ EL PASE SANITARIO.

#VacunaciÃ³n #PaseSanitario #Docentes #Salud #AlbertoSileoni #COVID19 #BuenosAires #AxelKicillof @AlbertoSileoni #EducaciÃ³n 
https://t.co/EAIisVgkT4"
284,@Carolin94258900 Harry Potter y el misterio de que tiene que ver el #PaseSanitario con una obra social... FÃ­jate quien es mÃ¡s boludita https://t.co/GP6jzclVm7
285,"El Paisa saliÃ³ de la cÃ¡rcel beneficiado por la pandemia y sigue vendiendo #drogaAdulterada tranquilo.

Pero vos querÃ©s ir al banco a retirar tu plata o tomar algo en la vereda de un cafecito del conurbano y si no tenÃ©s #PaseSanitario  te crucifican.

Lo que quieren, lo controlan. https://t.co/vCWZgYUSYS"
286,"#DocentesPrivados #PaseSanitarioğŸ—£ï¸@carolinaerubia ""No lo tenemos instalado, tendremos un Consejo Directivo a nivel nacional y decidiremos de manera conjunta. Es complejo porque debemos ser todos responsables de la vacunaciÃ³n"""
287,"Che estÃ¡n usando los respiradores.
Controlaron q tengan el #PaseSanitario bien?? https://t.co/CUBcIManQE"
288,"TunuyÃ¡n pedirÃ¡ el Pase Sanitario para ingresar a la Fiesta Nacional de la Tonada
https://t.co/SFHIZRmu2b 
#PaseSanitario  #FiestaNacionaldelaTonada  @MartinAveiro  @MuniTunuyan"
289,"ğŸ‘‰El Gobierno de Kicillof rechazÃ³ el pase sanitario en las escuelas: â€œNo es el caminoâ€

#kicillof #pasesanitario #vacunas #covid19 #escuelas #educaciÃ³n #vueltaaclases

https://t.co/C7xItr6PSP"
290,"âŒğŸ’‰ #PaseSanitario | #Provincia | #Sileoni

No habrÃ¡ pase sanitario en las escuelas de la Provincia

AsÃ­ lo anunciÃ³ Alberto Sileoni, titular de EducaciÃ³n. 

https://t.co/0xJvQDlONz https://t.co/ZvRlVBME6Z"
291,"Llega una nueva ediciÃ³n de la #PeÃ±aOficial ğŸª— Este domingo los vecinos disfrutarÃ¡n de lo mejor de nuestro chamamÃ© en el Paseo Arazaty, presentando el #PaseSanitario y respetando las medidas ğŸ˜· Lo transmitiremos en vivo por https://t.co/J83DQrbGlS y Youtube https://t.co/RguiT69Ppm https://t.co/bb3MY91KzB"
292,Y #PaseSanitario tambien le van a pedir o quizÃ¡s digan que fallecieron por no estar #InyectadosConElExperimento de #Urgencia https://t.co/v2UlaIu8zi
293,"Respecto al lugar, el mÃ¡s potable es la costanera sur, porque en su opiniÃ³n ""puede realizarse un mejor operativo cerrojo, y un mejor control"". AdemÃ¡s, asegurÃ³ que se va a implementar un sistema de permisos para el ingreso, cuyo requisito es el #PaseSanitario."
294,"Los cortes serÃ¡n en 28 de Julio y Avenida Roca;  25 de Mayo e Yrigoyen; 25 de Mayo y SÃ¡enz PeÃ±a; y las que tienen proximidad al escenario. 
HabrÃ¡ un nuevo ingreso por Fennen que se suma a los 3 que ya estaban.
#PaseSanitario el formato papel es mucho mÃ¡s rÃ¡pido."
295,"ğŸ‘‰Para realizar cambio de titularidad, plan de pago, etc.,  se solicitarÃ¡ #PaseSanitario al ingresar a las oficinas comerciales de Edelar.
âœ…El Pase Sanitario certifica el esquema de vacunaciÃ³n contra COVID-19. 
ğŸ“±DescargÃ¡ Cuidar o Mi ArgentinaÂ  ğŸ”¸ï¸carnet de vacunaciÃ³n papel https://t.co/8Z7WDjSFrZ"
296,No se pedirÃ¡ el #pasesanitario en las escuelas https://t.co/oXA1cV69Qr https://t.co/maW0EXnLcw
297,"#Provincia #PaseSanitario 
https://t.co/OR73oC7ez3"
298,"La #tapa de La OpiniÃ³n Austral de este 3 de febrero de 2022. Â¡Todo lo que tenÃ©s que saber! ğŸ“°ğŸ˜·

#santacruz #riogallegos #noticas #CaletaOlivia #coronavirus #covid #pasesanitario #vacunacion #precios #asalto #tragedia #cocainaadulterada #petrÃ³leo #ypf #mâ€¦ https://t.co/cyHu6awczd https://t.co/edBeFrf33u"
299,"@AlbertoSileoni  descartÃ³ la utilizaciÃ³n del pase sanitario en las escuelas

Toda la informaciÃ³n la encontrÃ¡s en #DixitP ğŸ‘‡

https://t.co/stwuscLluv

#EDUCACION @BAeducacion @BAProvincia #pasesanitario #covid19 #pandemia #coronavirus #dixitpinforma"
300,"La #tapa de La OpiniÃ³n Zona Norte de este 3 de febrero de 2022. Â¡Todo lo que tenÃ©s que saber! ğŸ“°ğŸ˜·

#santacruz #riogallegos #noticas #CaletaOlivia #coronavirus #covid #pasesanitario #vacunacion #precioscuidados #clases #ciclolectivo2022 #petrÃ³leo #ypf #mâ€¦ https://t.co/x9t2jMcAY9 https://t.co/xeSHCPgoLE"
301,"#Ahora. Nos acompaÃ±a en el piso el #PsicÃ³logo y #PromotorDeSalud @AlejLitmanovich, para hablar sobre la #marcha contra la implementaciÃ³n del #PaseSanitario en la @UNRoficial, y sobre los #efectos de las #vacunas contra el #Covid_19.

#CunaDeLaNoticiaRadio #DondeNaceLaInformaciÃ³n https://t.co/1k8oedYRwl"
302,"En el Conurba, ademÃ¡s de #PaseSanitario , te piden la #rinoscopÃ­a2022 al dÃ­a

#GobiernoDeInutiles âœŒğŸ¼âœŒğŸ½âœŒğŸ¿âœŒâœŒğŸ»"
303,"Lo importante: Â¿TenÃ­an #pasesanitario ? 

#cocaina #DrogaEnvenenada #DrogaAdulterada  #NoAlPaseSanitarioArgentina #NoAlPaseSanitario #yonomevacuno #grafeno #TodasTieneGrafeno"
304,"ğŸ’‰ğŸ“š | #InfoRED92 | #Provincia | #Escuelas | #PaseSanitario | 

No habrÃ¡ pase sanitario en las escuelas de la Provincia 

https://t.co/PDWaaiFpoy"
305,"#PaseSanitario pare vender falopa. 

#Falopa"
306,#PaseSanitario para comprar y vender cocaÃ­na.
307,#pasesanitario = libreta verde de los chinos . PÃ³nganse el veneno para pagar su comida si no mueren en el camino ... #caravanaporlalibertad #convoyargentino #pasenazi #merca #Davidicke #libertad  #TruckersConvoy2022 https://t.co/OjBosqNSYN
308,@vivicanosaok @BABYETCHEC0PAR @CarlosPagniLN mira Mauricio @mauriciomacri en manos de esto estÃ¡ #Argentina #PaseSanitario @AmelieGranata @alzicarelli  @wwnicolas #NarcoEstado #ConvoyArgento #caravanaporlalibertad https://t.co/DpqOmK3UgW
309,"@diegosantilli Pronta mejorÃ­a. No sirven las ğŸ’‰ğŸ’‰y mucho menos el #PaseSanitario . AsÃ­ tengas 3 dosis te contagias y tambiÃ©n contagian. No evita muertes ni gravedad. Lo comprobÃ© en casos cercanos d inoculados con 2 y 3 Bue...ahora los ""infectologos"" investigarÃ¡n droga adulterada y zarazas asÃ­."
310,"Deroguen el #PaseSanitario 
Es discriminatorio y vulnera derechos humanos."
311,"El #ParqueAstronÃ³mico reabre sus puertas

ğŸ”­ SerÃ¡ de jueves a domingos a partir de las 18:00 y hasta las 23:00. La entrada es libre y gratuita y se les pedirÃ¡ a los visitantes el pase sanitario.

MÃ¡s Info â¡ https://t.co/4lFibZg7GL 

#HorariosDeVerano #PaseSanitario https://t.co/W0OxI9q8fv"
312,@UNLaOficial pedirÃ¡n #PaseSanitario ? Y el derecho a la #educacion ? No digan q es el derecho a la salud cuando la #vacunacion NO es obligatoria y estÃ¡ comprobado q los #vacunados con 3 se contagiaron  igual q los no vacunados #NoAlPaseDeMovilidad
313,#cocaina #PaseSanitario https://t.co/b2cUiguP4n
314,"EducaciÃ³n

Desde Provincia aseguran que el pase sanitario en escuelas â€œno es el caminoâ€
https://t.co/0fULeZkqtx

#GobiernoPBA #PaseSanitario #Presencialidad https://t.co/WN3KL8Ej69"
315,@zanoni A uno de los dealers lo agarraron volviendo de vacunarse. Al menos va a poder ir a todos lados con su #PaseSanitario aunque venda droga y se estÃ©n muriendo personas por eso!ğŸ˜’
316,"@TotyFlores Eximicion de libertades, violacion de la ConstituciÃ³n Nacional Argentina   violacion a tratados internacionales  como las leyes  de Nuremberg que prohÃ­ben la experimentaciÃ³n en humanos  o el tratado de Helsinki , pidiendo el #PaseSanitario"
317,"@TotyFlores Cuando se opondrÃ¡n a la exigieron de libertades cuando piden #pasesanitario en bancos, cafÃ©s, restaurants, la vivienda y demÃ¡s? OposiciÃ³n para la foto? #complicesovictimas?  #plandemia"
318,@AlbertoSileoni  descartÃ³ el uso del #PaseSanitario en las escuelas - Semanario de JunÃ­n https://t.co/HZhCXH4pRj
319,"#PaseSanitario: Comunicado de la UTN San NicolÃ¡s.

La solicitud obligatoria del pase serÃ¡ resuelta por el Consejo Superior de la Universidad TecnolÃ³gica Nacional. 
https://t.co/Kc92cCqCEy"
320,@comunidadfanok me encanta ver a la gente como no puede entrar a los lugares #PaseSanitario
321,El verdadero pase sanitario. #Cocaina #PaseSanitario #Kicillof https://t.co/kmQ474HW0T
322,"Los alumnos de la Universidad Nacional de Rosario, Argentina, se manifiestan contra el pase sanitario.
Bravo por la gente que va despertando!!!

SÃ­guenos 
https://t.co/3gg4LFzXGI

#UNR
#Rosario
#Argentina
#pasesanitario
#stopvacunas https://t.co/AsCrq1bAsI"
323,"#PaseSanitario Fue en apoyo al juez Alfredo LÃ³pez quien, en menos de un mes, concediÃ³ 13 amparos contra la obligatoriedad de presentar el pase sanitario. El magistrado saliÃ³ en agradecimiento a las ong's y agrupaciones allÃ­ presentes. 
https://t.co/Qx86yVfkxk"
324,#cocaina Los que llevaron  al hospital estaban vacunados o para eso no piden #PaseSanitario #KicillofNazi
325,"@policia Apoyo la DONACION DE MÃ‰DULA pero me pedirÃ¡n #PaseSanitario  ?
Â¿Es requisito estar vacunado?
#YoNoMeVacuno"
326,"No sÃ³lo eso, les habrÃ¡n pedido el #PaseSanitario para ingresar al hospital??? #DrogaAdulterada #Droga https://t.co/bl44ifyRFS"
327,"Hay debate ğŸ“»ğŸ“°

#PaseSanitario #Argentina  
https://t.co/oOpzkTsl8T"
328,"ARGENTINA: 121.834 muertos por el robo de vacunas y fiestas VIP 

#MasCuarentonasYMenosCuarentena #Coronavirus #Pandemia #Corona #Arg #RealidadMataRelato #Argentina #Olivos #Omicron #EmosidoEngaÃ±ado #VacunatorioVipÂ  #RobaronLasVacunas #VerguenzaMundial #PaseSanitario https://t.co/G8LYmztI3S"
329,"EducaciÃ³n

Desde Provincia aseguran que el pase sanitario en escuelas â€œno es el caminoâ€
https://t.co/0fULeZC1S7 | @AlbertoSileoni @BAeducacion @nkreplak @Kicillofok 

#GobiernoPBA #PaseSanitario #Presencialidad https://t.co/FaNUYhjQwm"
330,"#Protesta #PaseSanitario #VacunaCOVID19 #MarDelPlata Un grupo de personas apoyÃ³ al juez Alfredo LÃ³pez y rechazÃ³ la implementaciÃ³n del pase sanitario
 https://t.co/NRWnbsC7Gc https://t.co/JwuX5rrPLC"
331,"Wowwwww muy buena respuesta del seÃ±or.

Cualquier negocio que pida el #PaseSanitario simplemente NO le vamos a consumir NADA.

Nadie puede decidir por nosotros. https://t.co/qZ0cOqVoDS"
332,"ğŸ˜· La UNLA exigirÃ¡ el pase sanitario para acceder al predioğŸ‘‡ #PaseSanitario 
https://t.co/WbUu6OUphS"
333,"#BuenosAires #Pandemia #Covid #Escuela #VueltaAlCole #PaseSanitario 

Provincia aclarÃ³ que no serÃ¡ necesario el pase sanitario en las escuelas bonaerenses

MÃ¡s informaciÃ³n
https://t.co/GBBa0NysBG https://t.co/y00wUYt3Jw"
334,Estoy en contra del #PaseSanitario pero no apoyo mitines libertarios. Son la disidencia controlada.
335,"#PaseSanitario I ""Yo creo que no va a pasar eso. No se puede pedir el pase sanitario porque la vacunaciÃ³n no es obligatoria. Si va a ver una fuerte campaÃ±a para que los niÃ±os y niÃ±as se vacunen"" @tincholucero"
336,"Vuelve ""Madryn Comestible"" en el playÃ³n recreativo
@munimadryn @Gus_Sastre 

#Evento #Madryn #PaseSanitario #Chubut 

https://t.co/brntalBhqZ"
337,#caravanaporlalibertad #ConvoyArgento #ConstituciÃ³nNacional #Libertad #PaseSanitario https://t.co/k8NpoCdoGj
338,#caravanaporlalibertad #ConvoyArgento Fuerzas de Seguridad #ConstituciÃ³nNacional #PaseSanitario #Libertad ğŸ‡¦ğŸ‡·ğŸ’• https://t.co/uEGHw1nyfr
